{
  "model": "RandomForest",
  "timestamp": "20260629_145304",
  "n_estimators": 200,
  "min_samples_split": 5,
  "val_accuracy": 0.8435944458999214,
  "test_accuracy": 0.852103475307029,
  "classification_report": {
    "1": {
      "precision": 0.9564393939393939,
      "recall": 0.890652557319224,
      "f1-score": 0.9223744292237442,
      "support": 567.0
    },
    "2": {
      "precision": 0.8407310704960835,
      "recall": 0.8702702702702703,
      "f1-score": 0.8552456839309429,
      "support": 370.0
    },
    "3": {
      "precision": 0.9220338983050848,
      "recall": 0.8607594936708861,
      "f1-score": 0.8903436988543372,
      "support": 316.0
    },
    "4": {
      "precision": 0.9060283687943262,
      "recall": 0.888695652173913,
      "f1-score": 0.897278314310799,
      "support": 575.0
    },
    "5": {
      "precision": 0.8846153846153846,
      "recall": 0.9139072847682119,
      "f1-score": 0.8990228013029316,
      "support": 604.0
    },
    "6": {
      "precision": 0.9095652173913044,
      "recall": 0.9064124783362218,
      "f1-score": 0.9079861111111112,
      "support": 577.0
    },
    "7": {
      "precision": 0.5691056910569106,
      "recall": 0.6441717791411042,
      "f1-score": 0.60431654676259,
      "support": 326.0
    },
    "8": {
      "precision": 0.22950819672131148,
      "recall": 0.28,
      "f1-score": 0.25225225225225223,
      "support": 100.0
    },
    "9": {
      "precision": 0.9393939393939394,
      "recall": 0.93,
      "f1-score": 0.9346733668341709,
      "support": 100.0
    },
    "10": {
      "precision": 0.6811594202898551,
      "recall": 0.5053763440860215,
      "f1-score": 0.5802469135802469,
      "support": 93.0
    },
    "11": {
      "precision": 0.9949748743718593,
      "recall": 0.9949748743718593,
      "f1-score": 0.9949748743718593,
      "support": 199.0
    },
    "accuracy": 0.852103475307029,
    "macro avg": {
      "precision": 0.8030504959432231,
      "recall": 0.7895655212852465,
      "f1-score": 0.7944286356849987,
      "support": 3827.0
    },
    "weighted avg": {
      "precision": 0.8593138160684194,
      "recall": 0.852103475307029,
      "f1-score": 0.8547926107147331,
      "support": 3827.0
    }
  }
}