{
  "model": "SVM_RBF",
  "timestamp": "20260629_151902",
  "kernel": "rbf",
  "gamma": "scale",
  "min_samples_split": 5,
  "val_accuracy": 0.6806392454807441,
  "test_accuracy": 0.6921870917167494,
  "classification_report": {
    "1": {
      "precision": 0.8869047619047619,
      "recall": 0.7883597883597884,
      "f1-score": 0.834733893557423,
      "support": 567.0
    },
    "2": {
      "precision": 0.7724358974358975,
      "recall": 0.6513513513513514,
      "f1-score": 0.7067448680351907,
      "support": 370.0
    },
    "3": {
      "precision": 0.7788461538461539,
      "recall": 0.7689873417721519,
      "f1-score": 0.7738853503184714,
      "support": 316.0
    },
    "4": {
      "precision": 0.7047872340425532,
      "recall": 0.4608695652173913,
      "f1-score": 0.5573080967402734,
      "support": 575.0
    },
    "5": {
      "precision": 0.5253699788583509,
      "recall": 0.8228476821192053,
      "f1-score": 0.6412903225806451,
      "support": 604.0
    },
    "6": {
      "precision": 0.8438287153652393,
      "recall": 0.5805892547660312,
      "f1-score": 0.6878850102669405,
      "support": 577.0
    },
    "7": {
      "precision": 0.7384615384615385,
      "recall": 0.44171779141104295,
      "f1-score": 0.5527831094049904,
      "support": 326.0
    },
    "8": {
      "precision": 0.460093896713615,
      "recall": 0.98,
      "f1-score": 0.6261980830670927,
      "support": 100.0
    },
    "9": {
      "precision": 0.768,
      "recall": 0.96,
      "f1-score": 0.8533333333333334,
      "support": 100.0
    },
    "10": {
      "precision": 0.35833333333333334,
      "recall": 0.9247311827956989,
      "f1-score": 0.5165165165165165,
      "support": 93.0
    },
    "11": {
      "precision": 0.9516908212560387,
      "recall": 0.9899497487437185,
      "f1-score": 0.9704433497536946,
      "support": 199.0
    },
    "accuracy": 0.6921870917167494,
    "macro avg": {
      "precision": 0.7080683937470438,
      "recall": 0.7608548824123982,
      "f1-score": 0.7019201757795066,
      "support": 3827.0
    },
    "weighted avg": {
      "precision": 0.7396175298868817,
      "recall": 0.6921870917167494,
      "f1-score": 0.6933246273457534,
      "support": 3827.0
    }
  }
}