{
  "model": "SVM_RBF",
  "timestamp": "20260629_153535",
  "kernel": "rbf",
  "gamma": "scale",
  "val_accuracy": 0.5910400838354729,
  "test_accuracy": 0.6004703423046773,
  "classification_report": {
    "1": {
      "precision": 0.7968197879858657,
      "recall": 0.7954144620811288,
      "f1-score": 0.7961165048543689,
      "support": 567.0
    },
    "2": {
      "precision": 0.5572519083969466,
      "recall": 0.3945945945945946,
      "f1-score": 0.4620253164556962,
      "support": 370.0
    },
    "3": {
      "precision": 0.5838926174496645,
      "recall": 0.5506329113924051,
      "f1-score": 0.5667752442996743,
      "support": 316.0
    },
    "4": {
      "precision": 0.6150627615062761,
      "recall": 0.5113043478260869,
      "f1-score": 0.5584045584045584,
      "support": 575.0
    },
    "5": {
      "precision": 0.4908108108108108,
      "recall": 0.7516556291390728,
      "f1-score": 0.5938521909744932,
      "support": 604.0
    },
    "6": {
      "precision": 0.7582781456953642,
      "recall": 0.3968804159445407,
      "f1-score": 0.5210466439135382,
      "support": 577.0
    },
    "7": {
      "precision": 0.6918604651162791,
      "recall": 0.36503067484662577,
      "f1-score": 0.4779116465863454,
      "support": 326.0
    },
    "8": {
      "precision": 0.42483660130718953,
      "recall": 0.65,
      "f1-score": 0.5138339920948617,
      "support": 100.0
    },
    "9": {
      "precision": 0.7153284671532847,
      "recall": 0.98,
      "f1-score": 0.8270042194092827,
      "support": 100.0
    },
    "10": {
      "precision": 0.23734177215189872,
      "recall": 0.8064516129032258,
      "f1-score": 0.36674816625916873,
      "support": 93.0
    },
    "11": {
      "precision": 0.8853211009174312,
      "recall": 0.9698492462311558,
      "f1-score": 0.9256594724220624,
      "support": 199.0
    },
    "accuracy": 0.6004703423046773,
    "macro avg": {
      "precision": 0.6142549489537283,
      "recall": 0.6519830813598941,
      "f1-score": 0.6008525414249135,
      "support": 3827.0
    },
    "weighted avg": {
      "precision": 0.6448764314182553,
      "recall": 0.6004703423046773,
      "f1-score": 0.5983952163367429,
      "support": 3827.0
    }
  }
}