{
  "model": "SVM_RBF",
  "timestamp": "20260629_153626",
  "kernel": "rbf",
  "gamma": "scale",
  "val_accuracy": 0.5839664658108462,
  "test_accuracy": 0.5868826757251111,
  "classification_report": {
    "1": {
      "precision": 0.6533149171270718,
      "recall": 0.8342151675485009,
      "f1-score": 0.7327652982184353,
      "support": 567.0
    },
    "2": {
      "precision": 0.5239616613418531,
      "recall": 0.44324324324324327,
      "f1-score": 0.4802342606149341,
      "support": 370.0
    },
    "3": {
      "precision": 0.5933014354066986,
      "recall": 0.3924050632911392,
      "f1-score": 0.4723809523809524,
      "support": 316.0
    },
    "4": {
      "precision": 0.6228070175438597,
      "recall": 0.49391304347826087,
      "f1-score": 0.550921435499515,
      "support": 575.0
    },
    "5": {
      "precision": 0.4850976361767729,
      "recall": 0.7814569536423841,
      "f1-score": 0.5986049461001902,
      "support": 604.0
    },
    "6": {
      "precision": 0.5424430641821946,
      "recall": 0.4540727902946274,
      "f1-score": 0.49433962264150944,
      "support": 577.0
    },
    "7": {
      "precision": 0.6118421052631579,
      "recall": 0.5705521472392638,
      "f1-score": 0.5904761904761905,
      "support": 326.0
    },
    "8": {
      "precision": 0.2608695652173913,
      "recall": 0.06,
      "f1-score": 0.0975609756097561,
      "support": 100.0
    },
    "9": {
      "precision": 0.7596899224806202,
      "recall": 0.98,
      "f1-score": 0.8558951965065502,
      "support": 100.0
    },
    "10": {
      "precision": 0.07142857142857142,
      "recall": 0.010752688172043012,
      "f1-score": 0.018691588785046728,
      "support": 93.0
    },
    "11": {
      "precision": 0.8844221105527639,
      "recall": 0.8844221105527639,
      "f1-score": 0.8844221105527639,
      "support": 199.0
    },
    "accuracy": 0.5868826757251111,
    "macro avg": {
      "precision": 0.546288909701905,
      "recall": 0.5368212006783843,
      "f1-score": 0.5251175070350768,
      "support": 3827.0
    },
    "weighted avg": {
      "precision": 0.5748734292908587,
      "recall": 0.5868826757251111,
      "f1-score": 0.5674385496876208,
      "support": 3827.0
    }
  }
}