{
  "model": "XGBoost",
  "timestamp": "20260629_151329",
  "n_estimators": 200,
  "max_depth": 6,
  "learning_rate": 0.1,
  "val_accuracy": 0.856169766832591,
  "test_accuracy": 0.8602038149986935,
  "classification_report": {
    "1": {
      "precision": 0.93048128342246,
      "recall": 0.9206349206349206,
      "f1-score": 0.925531914893617,
      "support": 567.0
    },
    "2": {
      "precision": 0.8672086720867209,
      "recall": 0.8648648648648649,
      "f1-score": 0.8660351826792964,
      "support": 370.0
    },
    "3": {
      "precision": 0.9322033898305084,
      "recall": 0.870253164556962,
      "f1-score": 0.900163666121113,
      "support": 316.0
    },
    "4": {
      "precision": 0.9053571428571429,
      "recall": 0.8817391304347826,
      "f1-score": 0.8933920704845815,
      "support": 575.0
    },
    "5": {
      "precision": 0.8833865814696485,
      "recall": 0.9155629139072847,
      "f1-score": 0.8991869918699187,
      "support": 604.0
    },
    "6": {
      "precision": 0.9275618374558304,
      "recall": 0.9098786828422877,
      "f1-score": 0.9186351706036745,
      "support": 577.0
    },
    "7": {
      "precision": 0.6075268817204301,
      "recall": 0.6932515337423313,
      "f1-score": 0.6475644699140402,
      "support": 326.0
    },
    "8": {
      "precision": 0.18446601941747573,
      "recall": 0.19,
      "f1-score": 0.18719211822660098,
      "support": 100.0
    },
    "9": {
      "precision": 0.9423076923076923,
      "recall": 0.98,
      "f1-score": 0.9607843137254902,
      "support": 100.0
    },
    "10": {
      "precision": 0.6805555555555556,
      "recall": 0.5268817204301075,
      "f1-score": 0.593939393939394,
      "support": 93.0
    },
    "11": {
      "precision": 0.9949748743718593,
      "recall": 0.9949748743718593,
      "f1-score": 0.9949748743718593,
      "support": 199.0
    },
    "accuracy": 0.8602038149986935,
    "macro avg": {
      "precision": 0.8050936300450293,
      "recall": 0.7952765277986729,
      "f1-score": 0.7988545606208715,
      "support": 3827.0
    },
    "weighted avg": {
      "precision": 0.8634434808993061,
      "recall": 0.8602038149986935,
      "f1-score": 0.8611610224484523,
      "support": 3827.0
    }
  }
}