{
  "model": "CNN1D",
  "timestamp": "20260629_154423",
  "num_epochs": 30,
  "batch_size": 64,
  "learning_rate": 0.001,
  "best_val_accuracy": 0.8373067854335866,
  "test_accuracy": 0.8364253984844525,
  "classification_report": {
    "1": {
      "precision": 0.95929203539823,
      "recall": 0.9559082892416225,
      "f1-score": 0.9575971731448764,
      "support": 567.0
    },
    "2": {
      "precision": 0.9178082191780822,
      "recall": 0.9054054054054054,
      "f1-score": 0.9115646258503401,
      "support": 370.0
    },
    "3": {
      "precision": 0.869942196531792,
      "recall": 0.9525316455696202,
      "f1-score": 0.9093655589123867,
      "support": 316.0
    },
    "4": {
      "precision": 0.7359550561797753,
      "recall": 0.9113043478260869,
      "f1-score": 0.8142968142968143,
      "support": 575.0
    },
    "5": {
      "precision": 0.8661710037174721,
      "recall": 0.7715231788079471,
      "f1-score": 0.8161120840630472,
      "support": 604.0
    },
    "6": {
      "precision": 0.8483033932135728,
      "recall": 0.7365684575389948,
      "f1-score": 0.7884972170686456,
      "support": 577.0
    },
    "7": {
      "precision": 0.6955223880597015,
      "recall": 0.7147239263803681,
      "f1-score": 0.7049924357034796,
      "support": 326.0
    },
    "8": {
      "precision": 0.18681318681318682,
      "recall": 0.17,
      "f1-score": 0.17801047120418848,
      "support": 100.0
    },
    "9": {
      "precision": 1.0,
      "recall": 0.99,
      "f1-score": 0.9949748743718593,
      "support": 100.0
    },
    "10": {
      "precision": 0.8241758241758241,
      "recall": 0.8064516129032258,
      "f1-score": 0.8152173913043478,
      "support": 93.0
    },
    "11": {
      "precision": 1.0,
      "recall": 0.9246231155778895,
      "f1-score": 0.9608355091383812,
      "support": 199.0
    },
    "accuracy": 0.8364253984844525,
    "macro avg": {
      "precision": 0.8094530275697852,
      "recall": 0.8035490890228327,
      "f1-score": 0.8046785595507605,
      "support": 3827.0
    },
    "weighted avg": {
      "precision": 0.8401598718423887,
      "recall": 0.8364253984844525,
      "f1-score": 0.8356046090682582,
      "support": 3827.0
    }
  }
}