{
  "model": "LSTM",
  "timestamp": "20260629_154900",
  "num_epochs": 30,
  "batch_size": 64,
  "learning_rate": 0.001,
  "hidden_size": 128,
  "num_layers": 2,
  "best_val_accuracy": 0.7707623788315431,
  "test_accuracy": 0.7687483668669977,
  "classification_report": {
    "1": {
      "precision": 0.973404255319149,
      "recall": 0.9682539682539683,
      "f1-score": 0.9708222811671088,
      "support": 567.0
    },
    "2": {
      "precision": 0.9114583333333334,
      "recall": 0.9459459459459459,
      "f1-score": 0.9283819628647215,
      "support": 370.0
    },
    "3": {
      "precision": 0.9404388714733543,
      "recall": 0.9493670886075949,
      "f1-score": 0.9448818897637795,
      "support": 316.0
    },
    "4": {
      "precision": 0.9560439560439561,
      "recall": 0.3026086956521739,
      "f1-score": 0.45970937912813736,
      "support": 575.0
    },
    "5": {
      "precision": 0.474481658692185,
      "recall": 0.9850993377483444,
      "f1-score": 0.6404736275565124,
      "support": 604.0
    },
    "6": {
      "precision": 0.9554140127388535,
      "recall": 0.5199306759098787,
      "f1-score": 0.6734006734006734,
      "support": 577.0
    },
    "7": {
      "precision": 0.8006230529595015,
      "recall": 0.7883435582822086,
      "f1-score": 0.794435857805255,
      "support": 326.0
    },
    "8": {
      "precision": 0.4742268041237113,
      "recall": 0.46,
      "f1-score": 0.467005076142132,
      "support": 100.0
    },
    "9": {
      "precision": 0.9702970297029703,
      "recall": 0.98,
      "f1-score": 0.9751243781094527,
      "support": 100.0
    },
    "10": {
      "precision": 0.8409090909090909,
      "recall": 0.7956989247311828,
      "f1-score": 0.8176795580110497,
      "support": 93.0
    },
    "11": {
      "precision": 0.9802955665024631,
      "recall": 1.0,
      "f1-score": 0.9900497512437811,
      "support": 199.0
    },
    "accuracy": 0.7687483668669977,
    "macro avg": {
      "precision": 0.8434175119816879,
      "recall": 0.7904771086482999,
      "f1-score": 0.7874513122902368,
      "support": 3827.0
    },
    "weighted avg": {
      "precision": 0.8499251171273959,
      "recall": 0.7687483668669977,
      "f1-score": 0.7600037951147804,
      "support": 3827.0
    }
  }
}